2,2020/6/29,2,16:00,03:00,meeting,13,Ë∑ØÊ???cafe,,4,#N/A,
2,2020/6/29,2,19:00,01:00,food,1,?®Âì•ÈµùË?Â∞èÁ?,restaurant,,5,#N/A
2,2020/6/29,2,20:00,00:30,leisure,10,,,home,#N/A,1
2,2020/6/29,2,20:30,01:00,shopping,12,Miramar,Shopping mall,,6,#N/A
2,2020/6/29,2,21:30,02:00,study,5,,,home,#N/A,1
2,2020/6/29,2,23:30,01:00,leisure,10,,,home,#N/A,1
2,2020/6/30,3,00:30,08:00,sleep,3,,,home,#N/A,1
2,2020/6/30,3,08:30,01:00,leisure,10,,,home,#N/A,1
2,2020/6/30,3,09:30,00:30,commute,17,,,,#N/A,#N/A
2,2020/6/30,3,10:00,01:30,work,6,,,company,#N/A,2
2,2020/6/30,3,11:30,02:00,food,1,ÁØâÈ?,restaurant,,5,#N/A
2,2020/6/30,3,13:30,02:00,work,6,,,company,#N/A,2
2,2020/6/30,3,15:30,00:30,commute,17,,,,#N/A,#N/A
2,2020/6/30,3,16:00,02:30,leisure,10,,,home,#N/A,1
2,2020/6/30,3,18:30,01:00,food,1,ÊΩÆÂë≥Ê±?restaurant,,5,#N/A,
2,2020/6/30,3,19:30,01:00,leisure,10,,,home,#N/A,1
2,2020/6/30,3,20:30,00:30,shopping,12,ÂÆ∂Ê?Á¶èÂ§ß?¥Â?,Hypermarket,,6,#N/A
2,2020/6/30,3,21:00,01:15,work out,9,world gym,gym,,8,#N/A
2,2020/6/30,3,22:15,00:15,food,1,Á´ã‰?Ê∞∏Â?Ë±ÜÊºø,Breakfast restaurant,,5,#N/A
2,2020/6/30,3,22:30,01:30,leisure,10,,,home,#N/A,1
2,2020/7/1,4,00:00,08:45,sleep,3,,,home,#N/A,1
2,2020/7/1,4,08:45,00:45,leisure,10,,,home,#N/A,1
2,2020/7/1,4,09:30,00:30,commute,17,,,,#N/A,#N/A
2,2020/7/1,4,10:00,02:00,work,6,,,company,#N/A,2
2,2020/7/1,4,12:00,01:30,food,1,?ûÂ∏∏Ê≥?restaurant,,5,#N/A,
2,2020/7/1,4,13:30,02:15,work,6,,,company,#N/A,2
2,2020/7/1,4,15:45,00:30,commute,17,,,,#N/A,#N/A
2,2020/7/1,4,16:15,02:05,leisure,10,,,home,#N/A,1
2,2020/7/1,4,18:20,00:25,commute,17,,,,#N/A,#N/A
2,2020/7/1,4,18:45,03:45,lesson,4,SK2 TOEFL,Cramming school,,9,#N/A
2,2020/7/1,4,22:30,00:20,commute,17,,,,#N/A,#N/A
2,2020/7/1,4,22:50,00:40,work out,9,world gym,gym,,8,#N/A
2,2020/7/1,4,23:30,00:30,food,1,,,home,#N/A,1
2,2020/7/2,5,00:00,01:30,leisure,10,,,home,#N/A,1
2,2020/7/2,5,01:30,07:15,sleep,3,,,home,#N/A,1
2,2020/7/2,5,08:45,00:45,leisure,10,,,home,#N/A,1
2,2020/7/2,5,09:30,00:30,commute,17,,,,#N/A,#N/A
2,2020/7/2,5,10:00,02:00,work,6,,,company,#N/A,2
2,2020/7/2,5,12:00,01:30,food,1,Â∞èÂ?Â∫?restaurant,,5,#N/A,
2,2020/7/2,5,13:30,01:30,work,6,,,company,#N/A,2
2,2020/7/2,5,15:00,01:10,commute,17,,,,#N/A,#N/A
2,2020/7/2,5,16:10,04:50,meeting,13,,,school,#N/A,3
2,2020/7/2,5,21:00,01:00,commute,17,,,,#N/A,#N/A
2,2020/7/2,5,22:00,02:30,leisure,10,,,home,#N/A,1
2,2020/7/3,6,00:30,08:15,sleep,3,,,home,#N/A,1
2,2020/7/3,6,08:45,00:45,leisure,10,,,home,#N/A,1
2,2020/7/3,6,09:30,00:30,commute,17,,,,#N/A,#N/A
2,2020/7/3,6,10:00,02:00,work,6,,,company,#N/A,2
2,2020/7/3,6,12:00,01:30,food,1,?ñÈ?Á™©Â??©Â?Ë≥??,restaurant,,5,#N/A
2,2020/7/3,6,13:30,02:15,work,6,,,company,#N/A,2
2,2020/7/3,6,15:45,00:45,commute,17,,,,#N/A,#N/A
2,2020/7/3,6,16:30,02:00,study,5,Starbucks,cafe,,4,#N/A
2,2020/7/3,6,18:30,00:30,food,1,?Ø‰??ØÁ??êÁ??∂‰ø°Áæ©Â?,ice cream and drink shop,,10,#N/A
2,2020/7/3,6,19:00,03:20,lesson,4,SK2 TOEFL,cram school,,#N/A,#N/A
2,2020/7/3,6,22:20,00:40,commute,17,,,,#N/A,#N/A
2,2020/7/3,6,23:00,03:00,leisure,10,,,home,#N/A,1
2,2020/7/4,7,02:00,07:00,sleep,3,,,home,#N/A,1
2,2020/7/4,7,09:00,01:10,leisure,10,,,home,#N/A,1
2,2020/7/4,7,10:10,00:50,commute,17,,,,#N/A,#N/A
2,2020/7/4,7,11:00,02:30,food,1,?ûÂ∏∏Ê≥?restaurant,,5,#N/A,
2,2020/7/4,7,13:30,02:30,hangout,11,‰ø°Áæ©?Ä,shopping mall,,6,#N/A
2,2020/7/4,7,16:00,00:30,commute,17,,,,#N/A,#N/A
2,2020/7/4,7,16:30,02:30,entertainment,8,Y Hotel Taipei(YMCA),hotel,,11,#N/A
2,2020/7/4,7,19:00,01:30,food,1,Ê®ÇÈ?Ê®?restaurant,,5,#N/A,
2,2020/7/4,7,20:30,00:30,food,1,?àÂ???tea store,,10,#N/A,
2,2020/7/4,7,21:00,02:00,entertainment,8,Y Hotel Taipei(YMCA),hotel,,11,#N/A
2,2020/7/4,7,23:00,00:30,commute,17,,,,#N/A,#N/A
2,2020/7/4,7,23:30,02:00,leisure,10,,,home,#N/A,1
2,2020/7/5,1,01:30,08:00,sleep,3,,,home,#N/A,1
2,2020/7/5,1,09:30,00:50,leisure,10,,,home,#N/A,1
2,2020/7/5,1,10:20,00:50,commute,17,,,,#N/A,#N/A
2,2020/7/5,1,11:10,06:50,hangout,11,Stoppage timeË£úÊ?,cafe,,4,#N/A
2,2020/7/5,1,18:00,01:00,food,1,Â∞èÂ??âÈ∫µ,restaurant,,5,#N/A
2,2020/7/5,1,19:00,00:40,commute,17,,,,#N/A,#N/A
2,2020/7/5,1,19:40,01:20,leisure,10,,,home,#N/A,1
2,2020/7/5,1,21:00,01:30,work out,9,world gym,gym,,8,#N/A
2,2020/7/5,1,22:30,00:30,food,1,737Â∑∑Á?È£üË?,nightmarket,,5,#N/A
2,2020/7/5,1,23:00,02:00,leisure,10,,,home,#N/A,1
2,2020/7/6,2,01:00,08:30,sleep,3,,,home,#N/A,1
2,2020/7/6,2,09:30,03:00,leisure,10,,,home,#N/A,1
2,2020/7/6,2,12:30,00:30,commute,17,,,,#N/A,#N/A
2,2020/7/6,2,13:00,04:00,work,6,,,company,#N/A,2
2,2020/7/6,2,17:00,00:30,commute,17,,,,#N/A,#N/A
2,2020/7/6,2,17:30,01:30,meeting,13,Notch ?ñÂï° Á´ôÂ?Â∫?cafe,,4,#N/A,
2,2020/7/6,2,19:00,00:30,commute,17,,,,#N/A,#N/A
2,2020/7/6,2,19:30,01:00,food,1,?±Ë?È§°È?Á≤•Â? Â§ßÁõ¥ÁæéÈ??ØÂ?,Chinese restaurant,,5,#N/A
2,2020/7/6,2,20:30,04:30,leisure,10,,,home,#N/A,1
2,2020/7/7,3,01:00,08:15,sleep,3,,,home,#N/A,1
2,2020/7/7,3,09:15,01:45,leisure,10,,,home,#N/A,1
2,2020/7/7,3,11:00,00:20,shopping,12,?®ËÅØÁ¶èÂà©‰∏≠Â?Pxmart ?ßÊ??áÊ?,Supermarket,,6,#N/A
2,2020/7/7,3,11:20,01:00,food,1,,,home,#N/A,1
2,2020/7/7,3,12:20,00:40,commute,17,,,,#N/A,#N/A
2,2020/7/7,3,13:00,04:00,work,6,,,company,#N/A,2
2,2020/7/7,3,17:00,00:30,commute,17,,,,#N/A,#N/A
2,2020/7/7,3,17:30,01:15,food,1,?ÉÊ∞£ÂÆ∂Ê?È∫µÈ£ØÈ§?Â§ßÂ?Â∫?Restaurant,,5,#N/A,
2,2020/7/7,3,18:45,03:15,lesson,4,SK2 TOEFL,Cramming school,,9,#N/A
2,2020/7/7,3,22:00,00:40,commute,17,,,,#N/A,#N/A
2,2020/7/7,3,22:40,01:50,leisure,10,,,home,#N/A,1
2,2020/7/8,4,00:30,08:45,sleep,3,,,home,#N/A,1
2,2020/7/8,4,09:15,00:15,commute,17,,,,#N/A,#N/A
2,2020/7/8,4,09:30,02:30,work,6,,,company,#N/A,2
2,2020/7/8,4,12:00,00:40,commute,17,,,,#N/A,#N/A
2,2020/7/8,4,12:40,00:20,food,1,?©ÊñØÊº¢Â†° ?óÊ∏ØÂ±ïË¶ΩÈ§®Â?,Fast food restaurant,,5,#N/A
2,2020/7/8,4,13:00,04:00,work,6,,,company,#N/A,2
2,2020/7/8,4,17:00,00:30,commute,17,,,,#N/A,#N/A
2,2020/7/8,4,17:30,01:15,food,1,?âÂæ©?õË?È∫?Noodle shop,,5,#N/A,
2,2020/7/8,4,18:45,03:45,lesson,4,SK2 TOEFL,Cramming school,,9,#N/A
2,2020/7/8,4,22:30,00:30,commute,17,,,,#N/A,#N/A
2,2020/7/8,4,23:00,01:30,leisure,10,,,home,#N/A,1
2,2020/7/9,5,00:30,08:45,sleep,3,,,home,#N/A,1
2,2020/7/9,5,09:15,00:30,commute,17,,,,#N/A,#N/A
2,2020/7/9,5,09:45,02:15,work,6,,,company,#N/A,2
2,2020/7/9,5,12:00,00:35,food,1,?©ÊñØÊº¢Â†° ?ßÊ?Â∫?Fast food restaurant,,5,#N/A,
2,2020/7/9,5,12:35,00:25,commute,17,,,,#N/A,#N/A
2,2020/7/9,5,13:00,01:00,beauty,16,?õÊ??õËÖ≥,Nail salon,,14,#N/A
2,2020/7/9,5,14:00,01:00,commute,17,,,,#N/A,#N/A
2,2020/7/9,5,15:00,04:00,meeting,13,,,school,#N/A,3
2,2020/7/9,5,19:00,01:00,commute,17,,,,#N/A,#N/A
2,2020/7/9,5,20:00,01:00,leisure,10,,,home,#N/A,1
2,2020/7/9,5,21:00,00:10,commute,17,,,,#N/A,#N/A
2,2020/7/9,5,21:10,00:30,shopping,12,mirawar,,,#N/A,#N/A
2,2020/7/9,5,21:40,00:10,commute,17,,Shopping mall,,6,#N/A
2,2020/7/9,5,21:50,01:10,work out,9,world gym,gym,,8,#N/A
2,2020/7/9,5,23:00,00:10,commute,17,,,,#N/A,#N/A
2,2020/7/9,5,23:10,01:20,leisure,10,,,home,#N/A,1
2,2020/7/10,6,00:30,09:00,sleep,3,,,home,#N/A,1
2,2020/7/10,6,09:30,00:50,leisure,10,,,home,#N/A,1
2,2020/7/10,6,10:20,00:40,commute,17,,,,#N/A,#N/A
2,2020/7/10,6,11:00,00:40,beauty,16,EVA Â∞àÊ•≠?§Ê?Ê≤ôÈ?,Waxing hair removal service,,14,#N/A
2,2020/7/10,6,11:40,00:10,commute,17,,,,#N/A,#N/A
2,2020/7/10,6,11:50,00:40,food,1,?üÈ¶¨Âø´È? Star Horse Express,Asian restaurant,,5,#N/A
2,2020/7/10,6,12:30,00:30,commute,17,,,,#N/A,#N/A
2,2020/7/10,6,13:00,04:00,work,6,,,company,#N/A,2
2,2020/7/10,6,17:00,00:30,commute,17,,,,#N/A,#N/A
2,2020/7/10,6,17:30,01:15,food,1,,,,#N/A,#N/A
2,2020/7/10,6,18:45,03:45,lesson,4,SK2 TOEFL,Cramming school,,9,#N/A
2,2020/7/10,6,22:30,02:00,commute,17,,,,#N/A,#N/A
2,2020/7/11,7,00:30,01:00,leisure,10,,,another home,#N/A,1
2,2020/7/11,7,01:30,08:30,Sleep,3,,,another home,#N/A,1
2,2020/7/11,7,10:00,00:30,leisure,10,,,another home,#N/A,1
2,2020/7/11,7,10:30,01:15,commute,17,,,,#N/A,#N/A
2,2020/7/11,7,11:45,03:45,activities,7,Á¶èÂÆ¥?ãÈ??µÊ?ÁæéÈ?È§êÂª≥,Restaurant,,5,#N/A
2,2020/7/11,7,15:30,01:00,Commute,17,,,,#N/A,#N/A
2,2020/7/11,7,16:30,01:40,leisure,10,,,another home,#N/A,1
2,2020/7/11,7,18:10,00:20,Commute,17,,,,#N/A,#N/A
2,2020/7/11,7,18:30,03:00,hangout,11,‰∏Ä‰∏≠Â???Night market,,5,#N/A,
2,2020/7/11,7,21:30,00:30,Commute,17,,,,#N/A,#N/A
2,2020/7/11,7,22:00,01:00,work,6,7-ELEVEN ?åÈ¥ª?ÄÂ∏?Convenience store,,21,#N/A,
2,2020/7/11,7,23:00,01:00,leisure,10,,,another home,#N/A,1
2,2020/7/12,1,00:00,01:00,food,1,?∏Ê∞£?ÉËüπÊµ∑ÈÆÆÁ≤•Êº¢???,Restaurant,,5,#N/A
2,2020/7/12,1,01:00,01:50,leisure,10,,,another home,#N/A,1
2,2020/7/12,1,02:50,08:40,Sleep,3,,,another home,#N/A,1
2,2020/7/12,1,11:30,07:00,leisure,10,,,another home,#N/A,1
2,2020/7/12,1,18:30,03:00,Commute,17,,,,#N/A,#N/A
2,2020/7/12,1,21:30,03:00,leisure,10,,,home,#N/A,1
2,2020/7/13,2,00:30,09:30,Sleep,3,,,home,#N/A,1
2,2020/7/13,2,10:00,02:20,leisure,10,,,home,#N/A,1
2,2020/7/13,2,12:20,00:40,Commute,17,,,,#N/A,#N/A
2,2020/7/13,2,13:00,03:00,work,6,,,company,#N/A,2
2,2020/7/13,2,16:00,00:30,Commute,17,,,,#N/A,#N/A
2,2020/7/13,2,16:30,02:30,beauty,16,HIHI SALON,Beauty salon,,14,#N/A
2,2020/7/13,2,19:00,00:30,Commute,17,,,,#N/A,#N/A
2,2020/7/13,2,19:30,02:00,shopping,12,Â§ßÊΩ§?ºÂÖßÊπñ‰?Â∫?Warehouse store,,6,#N/A,
2,2020/7/13,2,21:30,00:30,Commute,17,,,,#N/A,#N/A
2,2020/7/13,2,22:00,02:30,leisure,10,,,home,#N/A,1
2,2020/7/14,3,00:30,09:30,Sleep,3,,,home,#N/A,1
2,2020/7/14,3,10:00,02:20,leisure,10,,,home,#N/A,1
2,2020/7/14,3,12:20,00:40,Commute,17,,,,#N/A,#N/A
2,2020/7/14,3,13:00,04:00,work,6,,,company,#N/A,2
2,2020/7/14,3,17:00,00:30,Commute,17,,,,#N/A,#N/A
2,2020/7/14,3,17:30,00:50,food,1,sukiya,Gyudon restaurant,,5,#N/A
2,2020/7/14,3,18:20,00:05,commute,17,,,,#N/A,#N/A
2,2020/7/14,3,18:25,00:20,food,1,?ñ‰?ÁæÖÁ??ôËä±??Â§ßÂ?Â∫?Bakery,,4,#N/A,
2,2020/7/14,3,18:45,03:45,lesson,4,SK2 TOEFL,Cramming school,,9,#N/A
2,2020/7/14,3,22:30,00:30,commute,17,,,,#N/A,#N/A
2,2020/7/14,3,23:00,01:30,leisure,10,,,home,#N/A,1
2,2020/7/15,4,00:30,08:30,sleep,3,,,home,#N/A,1
2,2020/7/15,4,09:00,00:25,leisure,10,,,home,#N/A,1
2,2020/7/15,4,09:25,00:10,commute,17,,,,#N/A,#N/A
2,2020/7/15,4,09:35,02:25,work,6,,,company,#N/A,2
2,2020/7/15,4,12:00,00:40,commute,17,,,,#N/A,#N/A
2,2020/7/15,4,12:40,04:20,work,6,,,company,#N/A,2
2,2020/7/15,4,17:00,00:40,commute,17,,,,#N/A,#N/A
2,2020/7/15,4,17:40,03:10,leisure,10,,,home,#N/A,1
2,2020/7/15,4,20:50,00:20,commute,17,,,,#N/A,#N/A
2,2020/7/15,4,21:10,01:20,work out,9,world gym,gym,,8,#N/A
2,2020/7/15,4,22:30,00:05,commute,17,,,,#N/A,#N/A
2,2020/7/15,4,22:35,00:20,shopping,12,?®ËÅØÁ¶èÂà©‰∏≠Â?Pxmart ?ßÊ??áÊ?,Supermarket,,6,#N/A
2,2020/7/15,4,22:55,00:05,leisure,10,,,home,#N/A,1
2,2020/7/15,4,23:00,02:00,leisure,10,,,home,#N/A,1
2,2020/7/16,5,01:00,08:00,sleep,3,,,home,#N/A,1
2,2020/7/16,5,09:00,00:20,leisure,10,,,home,#N/A,1
2,2020/7/16,5,09:20,00:40,commute,17,,,,#N/A,#N/A
2,2020/7/16,5,10:00,05:00,work,6,,,company,#N/A,2
2,2020/7/16,5,15:00,00:30,commute,17,,,,#N/A,#N/A
2,2020/7/16,5,15:30,03:50,meeting,13,,,school,#N/A,3
2,2020/7/16,5,19:20,01:00,commute,17,,,,#N/A,#N/A
2,2020/7/16,5,20:20,00:40,food,1,737,Night market,,5,#N/A
2,2020/7/16,5,21:00,00:10,commute,17,,,,#N/A,#N/A
2,2020/7/16,5,21:10,00:20,leisure,10,,,home,#N/A,1
2,2020/7/16,5,21:30,00:10,commute,17,,,,#N/A,#N/A
2,2020/7/16,5,21:40,01:20,work out,9,world gym,gym,,8,#N/A
2,2020/7/16,5,23:00,00:10,commute,17,,,,#N/A,#N/A
2,2020/7/16,5,23:10,01:50,leisure,10,,,home,#N/A,1
2,2020/7/17,6,01:00,08:30,sleep,3,,,home,#N/A,1
2,2020/7/17,6,09:30,00:30,leisure,10,,,home,#N/A,1
2,2020/7/17,6,10:00,01:00,commute,17,,,,#N/A,#N/A
2,2020/7/17,6,11:00,00:30,others,18,?±Ëñ©Â§ßÈ£ØÂ∫?hotel,,11,#N/A,
2,2020/7/17,6,11:30,00:30,commute,17,,,,#N/A,#N/A
2,2020/7/17,6,12:00,01:30,food,1,les piccola,restaurant,,5,#N/A
2,2020/7/17,6,13:30,00:10,commute,17,,,,#N/A,#N/A
2,2020/7/17,6,13:40,00:40,food,1,?ÑÊ?Â•ΩÈ?Ê∞∏Â∫∑Â∫óË?,Dessert shop,,5,#N/A
2,2020/7/17,6,14:20,00:20,commute,17,,,,#N/A,#N/A
2,2020/7/17,6,14:40,03:00,shopping,12,TAIPEI 101,Shopping mall,,6,#N/A
2,2020/7/17,6,17:40,00:20,commute,17,,,,#N/A,#N/A
2,2020/7/17,6,18:00,00:35,food,1,?Ø‰??ØÁ??êÁ???Â§ßÂ?‰ø°Áæ©Â∫?Ice cream and drink shop,,10,#N/A,
2,2020/7/17,6,18:35,03:25,lesson,4,SK2 TOFEL,cramming school,,9,#N/A
2,2020/7/17,6,22:00,00:20,commute,17,,,,#N/A,#N/A
2,2020/7/17,6,22:20,02:40,others,18,?±Ëñ©Â§ßÈ£ØÂ∫?hotel,,11,#N/A,
2,2020/7/18,7,01:00,09:00,sleep,3,?±Ëñ©Â§ßÈ£ØÂ∫?hotel,,11,#N/A,
2,2020/7/18,7,10:00,00:30,beauty,16,?±Ëñ©Â§ßÈ£ØÂ∫?hotel,,11,#N/A,
2,2020/7/18,7,10:30,00:30,commute,17,,,,#N/A,#N/A
2,2020/7/18,7,11:00,01:20,food,1,JIATE LIFE ‰∏≠Â±±Â∫?Cafe,,4,#N/A,
2,2020/7/18,7,12:20,05:10,shopping,12,?óË•ø?∞Â?‰∏âË??æË≤®,Shopping mall,,6,#N/A
2,2020/7/18,7,17:30,01:05,food,1,?∫Áµ≤?™È?,Italian restaurant,,5,#N/A
2,2020/7/18,7,18:35,00:25,commute,17,,,,#N/A,#N/A
2,2020/7/18,7,19:00,03:00,shopping,12,BELLAVITA,Department store,,6,#N/A
2,2020/7/18,7,22:00,00:20,commute,17,,,,#N/A,#N/A
2,2020/7/18,7,22:20,02:10,others,18,?±Ëñ©Â§ßÈ£ØÂ∫?hotel,,11,#N/A,
2,2020/7/19,1,00:30,09:20,sleep,3,?±Ëñ©Â§ßÈ£ØÂ∫?hotel,,11,#N/A,
2,2020/7/19,1,09:50,00:40,beauty,16,?±Ëñ©Â§ßÈ£ØÂ∫?hotel,,11,#N/A,
2,2020/7/19,1,10:30,00:50,commute,17,,,,#N/A,#N/A
2,2020/7/19,1,11:20,00:40,shopping,12,ATT 4 Recharge,Department store,,6,#N/A
2,2020/7/19,1,12:00,00:30,commute,17,,,,#N/A,#N/A
2,2020/7/19,1,12:30,02:00,food,1,Ê≥∞Êªæ,Hot pot restaurant,,5,#N/A
2,2020/7/19,1,14:30,00:20,hangout,11,,,,#N/A,#N/A
2,2020/7/19,1,14:50,01:10,shopping,12,Sogo Fuxing Store,Department store,,6,#N/A
2,2020/7/19,1,16:00,00:20,commute,17,,,,#N/A,#N/A
2,2020/7/19,1,16:20,00:40,food,1,Drip Cafe Â•ΩÊª¥ Á´ôÂ?Â∫?Cafe,,4,#N/A,
2,2020/7/19,1,17:00,00:50,hangout,11,Taipei Station,Train station,,12,#N/A
2,2020/7/19,1,17:50,00:40,commute,17,,,,#N/A,#N/A
2,2020/7/19,1,18:30,02:50,leisure,10,,,home,#N/A,1
2,2020/7/19,1,21:20,01:40,work out,9,world gym,gym,,8,#N/A
2,2020/7/19,1,23:00,00:10,commute,17,,,,#N/A,#N/A
2,2020/7/19,1,23:10,01:30,leisure,10,,,home,#N/A,1
2,2020/7/20,2,00:40,08:30,sleep,3,,,home,#N/A,1
2,2020/7/20,2,09:10,03:00,leisure,10,,,home,#N/A,1
2,2020/7/20,2,12:10,00:50,commute,17,,,,#N/A,#N/A
2,2020/7/20,2,13:00,04:00,work,6,,,company,#N/A,2
2,2020/7/20,2,17:00,00:50,commute,17,,,,#N/A,#N/A
2,2020/7/20,2,17:50,01:10,leisure,10,,,home,#N/A,1
2,2020/7/20,2,19:00,00:30,commute,17,,,,#N/A,#N/A
2,2020/7/20,2,19:30,01:00,shopping,12,IKEA ?¶Â?,Home goods store,,6,#N/A
2,2020/7/20,2,20:30,00:30,food,1,?•Á??∞Ë?ÂÆ?Dessert restaurant,,5,#N/A,
2,2020/7/20,2,21:00,00:40,commute,17,,,,#N/A,#N/A
2,2020/7/20,2,21:40,02:20,leisure,10,,,home,#N/A,1
2,2020/7/21,3,00:00,09:00,sleep,3,,,home,#N/A,1
2,2020/7/21,3,09:00,03:10,leisure,10,,,home,#N/A,1
2,2020/7/21,3,12:10,00:50,commute,17,,,,#N/A,#N/A
2,2020/7/21,3,13:00,04:00,work,6,,,company,#N/A,2
2,2020/7/21,3,17:00,00:40,commute,17,,,,#N/A,#N/A
2,2020/7/21,3,17:40,00:50,food,1,Â±±Â??âÈ∫µ,Ramen restaurant,,5,#N/A
2,2020/7/21,3,18:30,03:35,lesson,4,SK2 TOFEL,cramming school,,9,#N/A
2,2020/7/21,3,22:05,00:40,commute,17,,,,#N/A,#N/A
2,2020/7/21,3,22:45,02:15,leisure,10,,,home,#N/A,1
2,2020/7/22,4,01:00,08:40,sleep,3,,,home,#N/A,1
2,2020/7/22,4,09:40,02:40,leisure,10,,,home,#N/A,1
2,2020/7/22,4,12:20,00:40,commute,17,,,,#N/A,#N/A
2,2020/7/22,4,13:00,04:00,work,6,,,,#N/A,#N/A
2,2020/7/22,4,17:00,00:50,commute,17,,,,#N/A,#N/A
2,2020/7/22,4,17:50,00:20,leisure,10,,,home,#N/A,1
2,2020/7/22,4,18:10,00:10,commute,17,,,,#N/A,#N/A
2,2020/7/22,4,18:20,00:30,food,1,?≠ÈÆÆ,Conveyor belt sushi restaurant,,5,#N/A
2,2020/7/22,4,18:50,02:30,entertainment,8,ÁæéÈ???shopping mall,,6,#N/A,
2,2020/7/22,4,21:20,00:10,commute,17,,,,#N/A,#N/A
2,2020/7/22,4,21:30,00:10,leisure,10,,,home,#N/A,1
2,2020/7/22,4,21:40,00:10,commute,17,,,,#N/A,#N/A
2,2020/7/22,4,21:50,00:50,work out,9,world gym,gym,,8,#N/A
2,2020/7/22,4,22:40,00:10,commute,17,,,,#N/A,#N/A
2,2020/7/22,4,22:50,02:10,leisure,10,,,home,#N/A,1
2,2020/7/23,5,01:00,08:00,sleep,3,,,home,#N/A,1
2,2020/7/23,5,09:00,00:20,leisure,10,,,home,#N/A,1
2,2020/7/23,5,09:20,00:10,commute,17,,,,#N/A,#N/A
2,2020/7/23,5,09:30,02:30,work,6,,,company,#N/A,2
2,2020/7/23,5,12:00,00:20,commute,17,,,,#N/A,#N/A
2,2020/7/23,5,12:20,01:00,leisure,10,,,home,#N/A,1
2,2020/7/23,5,13:20,00:40,commute,17,,,,#N/A,#N/A
2,2020/7/23,5,14:00,05:20,meeting,13,,,school,#N/A,3
2,2020/7/23,5,19:20,01:20,food,1,Â∞èÊõºË∞∑Ê?Ê≥∞Ê???Thai restaurant,,5,#N/A,
2,2020/7/23,5,20:40,00:50,commute,17,,,,#N/A,#N/A
2,2020/7/23,5,21:30,03:30,leisure,10,,,home,#N/A,1
2,2020/7/24,6,01:00,09:00,sleep,3,,,home,#N/A,1
2,2020/7/24,6,10:00,02:20,leisure,10,,,home,#N/A,1
2,2020/7/24,6,12:20,00:40,commute,17,,,,#N/A,#N/A
2,2020/7/24,6,13:00,04:00,work,6,,,company,#N/A,2
2,2020/7/24,6,17:00,00:40,commute,17,,,,#N/A,#N/A
2,2020/7/24,6,17:40,00:50,food,1,?âÂæ©?õË?È∫?Noodle shop,,5,#N/A,
2,2020/7/24,6,18:30,03:40,lesson,4,SK2 TOEFL,Cramming school,,9,#N/A
2,2020/7/24,6,22:10,00:45,commute,17,,,,#N/A,#N/A
2,2020/7/24,6,22:55,03:05,leisure,10,,,home,#N/A,1
2,2020/7/25,7,02:00,07:00,sleep,3,,,home,#N/A,1
2,2020/7/25,7,09:00,00:20,leisure,10,,,home,#N/A,1
2,2020/7/25,7,09:20,00:40,commute,17,,,,#N/A,#N/A
2,2020/7/25,7,10:00,03:00,hangout,11,?ÑÊ?Â•ΩÈ??≠Â??óÂ?,Bakery,,4,#N/A
2,2020/7/25,7,13:00,01:30,food,1,Syntrend,Shopping mall,,6,#N/A
2,2020/7/25,7,14:30,01:00,commute,17,,,,#N/A,#N/A
2,2020/7/25,7,15:30,09:00,leisure,10,,,home,#N/A,1
2,2020/7/26,1,00:30,09:30,sleep,3,,,home,#N/A,1
2,2020/7/26,1,10:00,05:50,leisure,10,,,home,#N/A,1
2,2020/7/26,1,15:50,00:40,commute,17,,,,#N/A,#N/A
2,2020/7/26,1,16:30,01:45,shopping,12,?∞Â?‰∏âË??∞Â??óË•øÂ∫ó‰?È§?Department store,,6,#N/A,
2,2020/7/26,1,18:15,00:15,commute,17,,,,#N/A,#N/A
2,2020/7/26,1,18:30,02:30,food,1,?ÅÊ?È∫ªËæ£??È∫ªËæ£?´È? È∫ªËæ£È¥®Ë? ÂÆµÂ? Êµ∑ÈÆÆ,Hot pot restaurant,,5,#N/A
2,2020/7/26,1,21:00,00:40,commute,17,,,,#N/A,#N/A
2,2020/7/26,1,21:40,00:50,leisure,10,,,home,#N/A,1
2,2020/7/26,1,22:30,00:10,commute,17,,,,#N/A,#N/A
2,2020/7/26,1,22:40,01:20,work out,9,world gym,gym,,8,#N/A
2,2020/7/27,2,00:00,01:00,leisure,10,,,home,#N/A,1
2,2020/7/27,2,01:00,09:00,sleep,3,,,home,#N/A,1
2,2020/7/27,2,10:00,02:20,leisure,10,,,home,#N/A,1
2,2020/7/27,2,12:20,00:45,commute,17,,,,#N/A,#N/A
2,2020/7/27,2,13:05,03:55,work,6,,,company,#N/A,2
2,2020/7/27,2,17:00,00:45,commute,17,,,,#N/A,#N/A
2,2020/7/27,2,17:45,00:55,food,1,È≥≥ËèØ?âÈ∫µ,Restaurant,,5,#N/A
2,2020/7/27,2,18:40,00:10,commute,17,,,,#N/A,#N/A
2,2020/7/27,2,18:50,02:20,entertainment,8,Mirawar,shopping mall,,6,#N/A
2,2020/7/27,2,21:10,00:10,commute,17,,,,#N/A,#N/A
2,2020/7/27,2,21:20,00:10,food,1,È∫•Áï∂??Fast food restaurant,,5,#N/A,
2,2020/7/27,2,21:30,00:10,commute,17,,,,#N/A,#N/A
2,2020/7/27,2,21:40,03:40,leisure,10,,,home,#N/A,1
2,2020/7/28,3,01:20,08:10,sleep,3,,,home,#N/A,1
2,2020/7/28,3,09:30,00:05,commute,17,,,,#N/A,#N/A
2,2020/7/28,3,09:35,00:05,Others,18,?ßÊ??óÂã¢ÊπñÈÉµÂ±Ä,Post office,,23,#N/A
2,2020/7/28,3,09:40,00:05,commute,17,,,,#N/A,#N/A
2,2020/7/28,3,09:45,08:35,leisure,10,,,home,#N/A,1
2,2020/7/28,3,18:20,00:35,commute,17,,,,#N/A,#N/A
2,2020/7/28,3,18:55,03:15,lesson,4,SK2 TOEFL,Cramming school,,9,#N/A
2,2020/7/28,3,22:10,00:50,commute,17,,,,#N/A,#N/A
2,2020/7/28,3,23:00,02:00,leisure,10,,,home,#N/A,1
2,2020/7/29,4,01:00,08:30,sleep,3,,,home,#N/A,1
2,2020/7/29,4,09:30,00:50,leisure,10,,,home,#N/A,1
2,2020/7/29,4,10:20,00:30,commute,17,,,,#N/A,#N/A
2,2020/7/29,4,10:50,01:50,shopping,12,Âø†Â?sogo,Department store,,6,#N/A
2,2020/7/29,4,12:40,00:20,commute,17,,,,#N/A,#N/A
2,2020/7/29,4,13:00,04:00,work,6,,,company,#N/A,2
2,2020/7/29,4,17:00,00:50,commute,17,,,,#N/A,#N/A
2,2020/7/29,4,17:50,03:10,leisure,10,,,home,#N/A,1
2,2020/7/29,4,21:00,00:10,commute,17,,,,#N/A,#N/A
2,2020/7/29,4,21:10,00:30,shopping,12,ÂÆ∂Ê?Á¶?Hypermarket,,6,#N/A,
2,2020/7/29,4,21:40,00:05,commute,17,,,,#N/A,#N/A
2,2020/7/29,4,21:45,01:15,work out,9,world gym,gym,,8,#N/A
2,2020/7/29,4,23:00,00:05,commute,17,,,,#N/A,#N/A
2,2020/7/29,4,23:05,01:25,leisure,10,,,home,#N/A,1
2,2020/7/30,5,00:30,09:00,sleep,3,,,home,#N/A,1
2,2020/7/30,5,09:30,03:20,leisure,10,,,home,#N/A,1
2,2020/7/30,5,12:50,00:45,commute,17,,,,#N/A,#N/A
2,2020/7/30,5,13:35,04:55,meeting,13,Notch,cafe,,4,#N/A
2,2020/7/30,5,18:30,01:30,food,1,?âË?Â±?Tonkatsu restaurant,,5,#N/A,
2,2020/7/30,5,20:00,01:30,hangout,11,È∫•Áï∂??Fast food restaurant,,5,#N/A,
2,2020/7/30,5,21:30,00:30,commute,17,,,,#N/A,#N/A
2,2020/7/30,5,22:00,00:25,leisure,10,,,home,#N/A,1
2,2020/7/30,5,22:25,00:05,commute,17,,,,#N/A,#N/A
2,2020/7/30,5,22:30,00:50,work out,9,world gym,gym,,8,#N/A
2,2020/7/30,5,23:20,00:10,commute,17,,,,#N/A,#N/A
2,2020/7/30,5,23:30,01:30,leisure,10,,,home,#N/A,1
2,2020/8/1,7,01:00,08:30,sleep,3,,,home,#N/A,1
2,2020/8/1,7,09:30,02:40,leisure,10,,,home,#N/A,1
2,2020/8/1,7,12:10,00:40,commute,17,,,,#N/A,#N/A
2,2020/8/1,7,12:50,04:10,work,6,,,company,#N/A,2
2,2020/8/1,7,17:00,00:35,commute,17,,,,#N/A,#N/A
2,2020/8/1,7,17:35,00:50,food,1,?û‰??âÈ∫µ,Ramen restaurant,,5,#N/A
2,2020/8/1,7,18:25,00:10,commute,17,,,,#N/A,#N/A
2,2020/8/1,7,18:35,03:40,lesson,4,SK2 TOEFL,cramming school,,9,#N/A
2,2020/8/1,7,22:15,00:35,commute,17,,,,#N/A,#N/A
2,2020/8/1,7,22:50,02:40,leisure,10,,,home,#N/A,1
2,2020/8/1,7,01:30,08:20,sleep,3,,,home,#N/A,1
2,2020/8/1,7,09:50,01:10,leisure,10,,,home,#N/A,1
2,2020/8/1,7,11:00,00:40,commute,17,,,,#N/A,#N/A
2,2020/8/1,7,11:40,00:20,shopping,12,niko and...,Home goods store,,6,#N/A
2,2020/8/1,7,12:00,01:40,food,1,‰∫¨Êù±?íË?,Yakiniku restaurant,,5,#N/A
2,2020/8/1,7,13:40,02:20,commute,17,,,,#N/A,#N/A
2,2020/8/1,7,16:00,02:10,activities,7,?¨È?,Beach,,17,#N/A
2,2020/8/1,7,18:10,01:10,commute,17,,,,#N/A,#N/A
2,2020/8/1,7,19:20,01:40,food,1,ÂªüÂè£Â§úÂ?,Night market,,5,#N/A
2,2020/8/1,7,21:00,01:00,commute,17,,,,#N/A,#N/A
2,2020/8/1,7,22:00,04:00,leisure,10,,,home,#N/A,1
2,2020/8/2,1,02:00,06:40,sleep,3,,,home,#N/A,1
2,2020/8/2,1,08:40,00:35,leisure,10,,,home,#N/A,1
2,2020/8/2,1,09:15,00:25,commute,17,,,,#N/A,#N/A
2,2020/8/2,1,09:40,00:40,hangout,11,?∑È??çÊΩ≠Á´?Subway station,,24,#N/A,
2,2020/8/2,1,10:20,00:40,commute,17,,,,#N/A,#N/A
2,2020/8/2,1,11:00,03:00,hangout,11,Qingtiangang Grassland,National park,,13,#N/A
2,2020/8/2,1,14:00,01:00,food,1,?∂Â?ÂªöÊàø,Restaurant,,5,#N/A
2,2020/8/2,1,15:00,01:00,hangout,11,?áÂ?Â§ßÂ≠∏,University,,13,#N/A
2,2020/8/2,1,16:00,01:00,commute,17,,,,#N/A,#N/A
2,2020/8/2,1,17:00,07:30,leisure,10,,,home,#N/A,1
2,2020/8/3,2,00:30,09:00,sleep,3,,,home,#N/A,1
2,2020/8/3,2,09:30,03:10,leisure,10,,,home,#N/A,1
2,2020/8/3,2,12:40,00:35,commute,17,,,,#N/A,#N/A
2,2020/8/3,2,13:15,03:45,work,6,,,company,#N/A,2
2,2020/8/3,2,17:00,00:40,commute,17,,,,#N/A,#N/A
2,2020/8/3,2,17:40,00:40,hangout,11,ÂæÆÈ¢®?ó‰∫¨,Department store,,6,#N/A
2,2020/8/3,2,18:20,00:40,food,1,Ê§∞Â??ÑÂ?,Thai restaurant,,5,#N/A
2,2020/8/3,2,19:00,02:20,shopping,12,IKEA,Home goods store,,6,#N/A
2,2020/8/3,2,21:20,00:20,commute,17,,,,#N/A,#N/A
2,2020/8/3,2,21:40,03:10,leisure,10,,,home,#N/A,1
2,2020/8/4,3,00:50,08:40,sleep,3,,,,#N/A,#N/A
2,2020/8/4,3,09:30,03:05,work,6,,,home,#N/A,1
2,2020/8/4,3,12:35,00:40,commute,17,,,,#N/A,#N/A
2,2020/8/4,3,13:15,07:15,meeting,13,louisa,cafe,,4,#N/A
2,2020/8/4,3,20:30,00:30,commute,17,,,,#N/A,#N/A
2,2020/8/4,3,21:00,15:50,leisure,10,,,home,#N/A,1
2,2020/8/5,4,12:50,20:50,sleep,3,,,,#N/A,#N/A
2,2020/8/5,4,09:40,00:20,leisure,10,,,home,#N/A,1
2,2020/8/5,4,10:00,05:00,work,6,,,home,#N/A,1
2,2020/8/5,4,15:00,04:50,leisure,10,,,home,#N/A,1
2,2020/8/5,4,19:50,00:10,commute,17,,,,#N/A,#N/A
2,2020/8/5,4,20:00,01:00,hangout,11,Mirawar,shopping mall,,6,#N/A
2,2020/8/5,4,21:00,00:10,commute,17,,,,#N/A,#N/A
2,2020/8/5,4,21:10,01:00,work out,9,,,,#N/A,#N/A
2,2020/8/5,4,22:10,00:10,commute,17,,,,#N/A,#N/A
2,2020/8/5,4,22:20,00:20,food,1,737,night market,,5,#N/A
2,2020/8/5,4,22:40,00:10,commute,17,,,,#N/A,#N/A
2,2020/8/5,4,22:50,14:00,leisure,10,,,,#N/A,#N/A
2,2020/8/6,5,12:50,20:15,sleep,3,,,,#N/A,#N/A
2,2020/8/6,5,09:05,00:25,home,2,,,,#N/A,#N/A
2,2020/8/6,5,09:30,00:35,commute,17,,,,#N/A,#N/A
2,2020/8/6,5,10:05,02:05,commute,17,?∞Â?ËªäÁ?,Train station,,12,#N/A
2,2020/8/6,5,12:10,00:50,commute,17,?∞Â?È´òÈêµÁ´?Train station,,12,#N/A,
2,2020/8/6,5,13:00,00:50,food,1,Â§¢Ê?‰ª?Shopping mall,,6,#N/A,
2,2020/8/6,5,13:50,00:10,commute,17,,,,#N/A,#N/A
2,2020/8/6,5,14:00,02:35,beauty,16,ÂÆâÂ¶ÆÈ´ÆË?,Hairdresser,,14,#N/A
2,2020/8/6,5,16:35,00:10,commute,17,,,,#N/A,#N/A
2,2020/8/6,5,16:45,01:15,hangout,11,,,?ãÂ?ÂÆ?#N/A,1,
2,2020/8/6,5,18:00,00:25,commute,17,,,,#N/A,#N/A
2,2020/8/6,5,18:25,02:30,food,1,Êµ∑Â???Hot pot restaurant,,5,#N/A,
2,2020/8/6,5,20:55,00:15,commute,17,,,,#N/A,#N/A
2,2020/8/6,5,21:10,02:30,leisure,10,,,home,#N/A,1
2,2020/8/6,5,23:40,09:50,sleep,3,,,home,#N/A,1
2,2020/8/7,6,09:30,02:50,work,6,,,home,#N/A,1
2,2020/8/7,6,12:20,01:20,food,1,?∞Â?‰∏âË?,Department store,,6,#N/A
2,2020/8/7,6,13:40,00:30,commute,17,,,,#N/A,#N/A
2,2020/8/7,6,14:10,03:50,hangout,11,a Room?øÈ??ñÂï°,cafe,,4,#N/A
2,2020/8/7,6,18:00,00:20,commute,17,,,,#N/A,#N/A
2,2020/8/7,6,18:20,00:10,shopping,12,?®ËÅØ,Shopping mall,,6,#N/A
2,2020/8/7,6,18:30,00:20,commute,17,,,,#N/A,#N/A
2,2020/8/7,6,18:50,05:40,leisure,10,,,home,#N/A,1
2,2020/8/8,7,00:30,09:35,sleep,3,,,,#N/A,#N/A
2,2020/8/8,7,10:05,01:55,leisure,10,,,home,#N/A,1
2,2020/8/8,7,12:00,00:15,commute,17,,,,#N/A,#N/A
2,2020/8/8,7,12:15,00:40,food,1,think pizza,Pizza takeaway,,5,#N/A
2,2020/8/8,7,12:55,00:10,commute,17,,,,#N/A,#N/A
2,2020/8/8,7,13:05,00:45,shopping,12,costco,Warehouse club,,6,#N/A
2,2020/8/8,7,13:50,00:10,commute,17,,,,#N/A,#N/A
2,2020/8/8,7,14:00,00:40,shopping,12,wuly studio,Fashion accessories store,,6,#N/A
2,2020/8/8,7,14:40,00:20,commute,17,,,,#N/A,#N/A
2,2020/8/8,7,15:00,00:40,leisure,10,,,,#N/A,#N/A
2,2020/8/8,7,15:40,03:00,commute,17,?∞Â??´Ë?Á´?Train station,,12,#N/A,
2,2020/8/8,7,18:40,00:40,commute,17,?∞‰∏≠?´Ë?Á´?Train station,,12,#N/A,
2,2020/8/8,7,19:20,00:40,leisure,10,,,home,#N/A,1
2,2020/8/8,7,20:00,00:10,commute,17,,,,#N/A,#N/A
2,2020/8/8,7,20:10,01:20,food,1,Â≠´Êù±ÂØ?Steak house,,5,#N/A,
2,2020/8/8,7,21:30,00:10,commute,17,,,,#N/A,#N/A
2,2020/8/8,7,21:40,02:10,leisure,10,,,home,#N/A,1
2,2020/8/8,7,23:50,00:40,commute,17,,,,#N/A,#N/A
2,2020/8/9,1,00:30,01:10,food,1,È∫•Áï∂??Fast food restaurant,,5,#N/A,
2,2020/8/9,1,01:40,00:10,commute,17,,,,#N/A,#N/A
2,2020/8/9,1,01:50,01:10,leisure,10,,,home,#N/A,1
2,2020/8/9,1,03:00,06:30,sleep,3,,,home,#N/A,1
2,2020/8/9,1,09:30,00:30,leisure,10,,,,#N/A,#N/A
2,2020/8/9,1,10:00,00:15,commute,17,,,,#N/A,#N/A
2,2020/8/9,1,10:15,00:45,food,1,,Breakfast restaurant,,5,#N/A
2,2020/8/9,1,11:00,01:00,shopping,12,ikea,Do-it-yourself shop,,6,#N/A
2,2020/8/9,1,12:00,00:15,commute,17,,,,#N/A,#N/A
2,2020/8/9,1,12:15,02:55,leisure,10,,,home,#N/A,1
2,2020/8/9,1,15:10,00:20,commute,17,,,,#N/A,#N/A
2,2020/8/9,1,15:30,01:00,hangout,11,?ñÂï°ÂºÑÈ??∏Á??íÈ?,Coffee store,,#N/A,#N/A
2,2020/8/9,1,16:30,00:15,commute,17,,,,#N/A,#N/A
2,2020/8/9,1,16:45,01:25,leisure,10,,,home,#N/A,1
2,2020/8/9,1,18:10,00:15,commute,17,,,,#N/A,#N/A
2,2020/8/9,1,18:25,00:45,food,1,?°ÁÇ∫?âÂ?,Tea house,,5,#N/A
2,2020/8/9,1,19:10,00:15,commute,17,,,,#N/A,#N/A
2,2020/8/9,1,19:25,03:35,leisure,10,,,home,#N/A,1
2,2020/8/9,1,23:00,02:30,commute,17,,,,#N/A,#N/A
2,2020/8/10,2,01:30,00:15,leisure,10,,,home,#N/A,1
2,2020/8/10,2,01:45,07:55,sleep,3,,,home,#N/A,1
2,2020/8/10,2,09:40,02:40,leisure,10,,,home,#N/A,1
2,2020/8/10,2,12:20,00:40,commute,17,,,,#N/A,#N/A
2,2020/8/10,2,13:00,04:00,work,6,,,company,#N/A,2
2,2020/8/10,2,17:00,00:40,commute,17,,,,#N/A,#N/A
2,2020/8/10,2,17:40,06:10,leisure,10,,,home,#N/A,1
2,2020/8/10,2,23:50,09:20,sleep,3,,,home,#N/A,1
2,2020/8/11,3,09:10,00:20,leisure,10,,,home,#N/A,1
2,2020/8/11,3,09:30,02:30,work,6,,,company,#N/A,2
2,2020/8/11,3,12:00,00:15,commute,17,,,,#N/A,#N/A
2,2020/8/11,3,12:15,00:45,food,1,,,home,#N/A,1
2,2020/8/11,3,13:00,00:25,commute,17,,,,#N/A,#N/A
2,2020/8/11,3,13:25,04:35,meeting,13,louisa,cafe,,4,#N/A
2,2020/8/11,3,18:00,00:20,commute,17,,,,#N/A,#N/A
2,2020/8/11,3,18:20,01:50,food,1,Â£´Ê?Â§úÂ?,night market,,5,#N/A
2,2020/8/11,3,20:10,00:30,commute,17,,,,#N/A,#N/A
2,2020/8/11,3,20:40,00:40,leisure,10,,,home,#N/A,1
2,2020/8/11,3,21:20,00:10,commute,17,,,,#N/A,#N/A
2,2020/8/11,3,21:30,01:40,work out,9,world gym,gym,,8,#N/A
2,2020/8/11,3,23:10,00:10,commute,17,,,,#N/A,#N/A
2,2020/8/11,3,23:20,01:10,leisure,10,,,home,#N/A,1
2,2020/8/12,4,00:30,09:00,sleep,3,,,home,#N/A,1
2,2020/8/12,4,09:30,02:50,leisure,10,,,home,#N/A,1
2,2020/8/12,4,12:20,00:40,commute,17,,,,#N/A,#N/A
2,2020/8/12,4,13:00,04:00,work,6,,,company,#N/A,2
2,2020/8/12,4,17:00,00:50,commute,17,,,,#N/A,#N/A
2,2020/8/12,4,17:50,04:00,leisure,10,,,home,#N/A,1
2,2020/8/12,4,21:50,00:10,commute,17,,,,#N/A,#N/A
2,2020/8/12,4,22:00,00:45,shopping,12,ÂÆ∂Ê?Á¶?Hypermarket,,6,#N/A,
2,2020/8/12,4,22:45,00:10,commute,17,,,,#N/A,#N/A
2,2020/8/12,4,22:55,01:35,leisure,10,,,home,#N/A,1
2,2020/8/13,5,00:30,08:50,sleep,3,,,home,#N/A,1
2,2020/8/13,5,09:20,02:30,leisure,10,,,home,#N/A,1
2,2020/8/13,5,11:50,00:40,commute,17,,,,#N/A,#N/A
2,2020/8/13,5,12:30,01:30,food,1,ÁØâÈ?,Hot pot restaurant,,5,#N/A
2,2020/8/13,5,14:00,00:15,commute,17,,,,#N/A,#N/A
2,2020/8/13,5,14:15,01:10,leisure,10,?Ø‰???Ice cream and drink shop,,10,#N/A,
2,2020/8/13,5,15:25,00:15,commute,17,,,,#N/A,#N/A
2,2020/8/13,5,15:40,04:50,meeting,13,,,school,#N/A,3
2,2020/8/13,5,20:30,01:00,commute,17,,,,#N/A,#N/A
2,2020/8/13,5,21:30,00:15,commute,17,?çÂ?Ë∑ØÁ?,Bus station,,#N/A,#N/A
2,2020/8/13,5,21:45,00:15,food,1,737Â∑?night market,,5,#N/A,
2,2020/8/13,5,22:00,00:10,commute,17,,,,#N/A,#N/A
2,2020/8/13,5,22:10,00:20,leisure,10,,,home,#N/A,1
2,2020/8/13,5,22:30,00:10,commute,17,,,,#N/A,#N/A
2,2020/8/13,5,22:40,01:05,work out,9,world gym,gym,,8,#N/A
2,2020/8/13,5,23:45,00:10,commute,17,,,,#N/A,#N/A
2,2020/8/13,5,23:55,01:35,leisure,10,,,home,#N/A,1
2,2020/8/14,6,01:30,08:00,sleep,3,,,home,#N/A,1
2,2020/8/14,6,09:30,02:50,leisure,10,,,home,#N/A,1
2,2020/8/14,6,12:20,00:40,commute,17,,,,#N/A,#N/A
2,2020/8/14,6,13:00,04:00,work,6,,,company,#N/A,2
2,2020/8/14,6,17:00,00:40,commute,17,,,,#N/A,#N/A
2,2020/8/14,6,17:40,00:10,shopping,12,?®ËÅØ,Supermarket,,6,#N/A
2,2020/8/14,6,17:50,00:10,commute,17,,,,#N/A,#N/A
2,2020/8/14,6,18:00,06:30,leisure,10,,,home,#N/A,1
2,2020/8/15,7,00:30,00:30,commute,17,,,,#N/A,#N/A
2,2020/8/15,7,01:00,02:30,leisure,10,,,home,#N/A,1
2,2020/8/15,7,03:30,05:30,sleep,3,,,home,#N/A,1
2,2020/8/15,7,09:00,01:00,leisure,10,,,home,#N/A,1
2,2020/8/15,7,10:00,00:30,commute,17,,,,#N/A,#N/A
2,2020/8/15,7,10:30,02:00,food,1,?∑Ëò≠Â∞èÈ?È§?Restaurant,,5,#N/A,
2,2020/8/15,7,12:30,00:45,shopping,12,?∑È?‰∏≠Â±±Á´?Subway station,,24,#N/A,
2,2020/8/15,7,13:15,00:20,shopping,12,UNIQLO ?∞Â?‰∏âË??óË•øÂ∫?Clothing store,,6,#N/A,
2,2020/8/15,7,13:35,00:25,commute,17,,,,#N/A,#N/A
2,2020/8/15,7,14:00,01:50,hangout,11,?óÁ?È§?Art museum,,13,#N/A,
2,2020/8/15,7,15:50,00:15,commute,17,?∑È??ìÂ±±Á´?Subway station,,24,#N/A,
2,2020/8/15,7,16:05,00:35,hangout,11,?∑È?‰∏≠Â±±Á´?Subway station,,24,#N/A,
2,2020/8/15,7,16:40,03:05,food,1,Cafe a la mode,coffee shop,,4,#N/A
2,2020/8/15,7,19:45,01:30,hangout,11,?∞Â?‰∏âË??óË•ø,shopping mall,,6,#N/A
2,2020/8/15,7,21:15,00:45,commute,17,,,,#N/A,#N/A
2,2020/8/15,7,22:00,02:45,leisure,10,,,home,#N/A,1
2,2020/8/16,1,00:45,09:55,sleep,3,,,home,#N/A,1
2,2020/8/16,1,10:40,15:00,leisure,10,,,home,#N/A,1
2,2020/8/17,2,01:40,08:30,sleep,3,,,home,#N/A,1
2,2020/8/17,2,10:10,00:20,leisure,10,,,home,#N/A,1
2,2020/8/17,2,10:30,00:10,commute,17,,,,#N/A,#N/A
2,2020/8/17,2,10:40,00:10,others,18,?µÂ?,Post office,,23,#N/A
2,2020/8/17,2,10:50,00:10,commute,17,,,,#N/A,#N/A
2,2020/8/17,2,11:00,00:10,shopping,12,?®ËÅØ,Supermarket,,6,#N/A
2,2020/8/17,2,11:10,00:10,commute,17,,,,#N/A,#N/A
2,2020/8/17,2,11:20,01:10,leisure,10,,,home,#N/A,1
2,2020/8/17,2,12:30,00:40,commute,17,,,,#N/A,#N/A
2,2020/8/17,2,13:10,03:40,work,6,,,,#N/A,#N/A
2,2020/8/17,2,16:50,00:40,commute,17,,,company,#N/A,2
2,2020/8/17,2,17:30,00:40,leisure,10,,,home,#N/A,1
2,2020/8/17,2,18:10,00:10,commute,17,,,,#N/A,#N/A
2,2020/8/17,2,18:20,00:40,food,1,?∑Â?Êº?Ramen restaurant,,5,#N/A,
2,2020/8/17,2,19:00,00:15,commute,17,,,,#N/A,#N/A
2,2020/8/17,2,19:15,02:15,leisure,10,,,home,#N/A,1
2,2020/8/17,2,21:30,00:10,commute,17,,,,#N/A,#N/A
2,2020/8/17,2,21:40,00:40,shopping,12,ÂÆ∂Ê?Á¶?Hypermarket,,6,#N/A,
2,2020/8/17,2,22:20,00:10,commute,17,,,,#N/A,#N/A
2,2020/8/17,2,22:30,02:15,leisure,10,,,home,#N/A,1
2,2020/8/18,3,00:45,08:45,sleep,3,,,home,#N/A,1
2,2020/8/18,3,09:30,03:30,leisure,10,,,home,#N/A,1
2,2020/8/18,3,13:00,00:30,commute,17,,,,#N/A,#N/A
2,2020/8/18,3,13:30,04:20,meeting,13,louisa,,,#N/A,#N/A
2,2020/8/18,3,17:50,06:10,commute,17,,,,#N/A,#N/A
2,2020/8/18,3,,00:00,,#N/A,,,,#N/A,#N/A
2,2020/8/18,3,,00:00,,#N/A,,,,#N/A,#N/A
2,,7,,00:00,,#N/A,,,,#N/A,#N/A
2,,7,,00:00,,#N/A,,,,#N/A,#N/A
2,,7,,00:00,,#N/A,,,,#N/A,#N/A
2,,7,,00:00,,#N/A,,,,#N/A,#N/A
2,,7,,00:00,,#N/A,,,,#N/A,#N/A
2,,7,,00:00,,#N/A,,,,#N/A,#N/A
2,,7,,00:00,,#N/A,,,,#N/A,#N/A
